CON;NAME;X;Y;Z
ORI;pi^2;0.2945489321404552;0.9430300222930269;0.15471038629946826
ORI;pi^3;0.2991158891215458;0.9465135633809599;0.12100313719447373
ORI;pi^4;0.29422764242552285;0.950740591385113;0.09758289975914945
ORI;pi^5;0.2827105217964311;0.9582522679133314;0.04274753682432231
ORI;pi^6;0.2648062397054039;0.9638361886456169;0.029957584518360083
ORI;gamma;0.1506185494011442;0.9823855274530582;0.11060166376267433
ORI;delta;0.12179552239642451;0.992541402364122;-0.005235963831419415
ORI;eta;0.15421751407822984;0.9871614320352311;-0.04158443763817019
ORI;tau;0.18263835481181834;0.9759189471213557;-0.1192704489853915
ORI;beta;0.1950720926987729;0.9703627496561017;-0.14262893370551158
ORI;kappa;0.0525951290062835;0.9843971825418822;-0.16791646556671214
ORI;zeta;0.08377435073723288;0.995903608576833;-0.034027350502167486
ORI;alpha;0.02091231010057785;0.9914506390075539;0.12879559657756282
ORI;lambda;0.10666509601969626;0.9792169071922625;0.1725016114705277
ORI;gamma;0.1506185494011442;0.9823855274530582;0.11060166376267433
ORI;;;;
ORI;zeta;0.08377435073723288;0.995903608576833;-0.034027350502167486
ORI;epsilon;0.10363789180643572;0.994394590910141;-0.020942419883356926
ORI;delta;0.12179552239642451;0.992541402364122;-0.005235963831419415
ORI;;;;
ORI;alpha;0.02091231010057785;0.9914506390075539;0.12879559657756282
ORI;mu;-0.010251863224179104;0.9857968224193298;0.16762912696898857
ORI;nu;-0.03198986536907738;0.9664423913835624;0.25488380225210394
ORI;chi^1;0.022987764257218886;0.9378087151931002;0.34639049698616325
ORI;;;;
ORI;mu;-0.010251863224179104;0.9857968224193298;0.16762912696898857
ORI;xi;-0.05045153829909579;0.9680600310998111;0.24558993967646048
ORI;chi^2;-0.016044679889421952;0.9387572572819354;0.3442054330595963
ORI;;;;
GEM;alpha;-0.3406256076058428;0.7778101363442216;0.5281908625140479
GEM;rho;-0.3222693404481429;0.7865882640265629;0.5267080549059385
GEM;tau;-0.2638909421451294;0.8225407896909973;0.5037739770455263
GEM;epsilon;-0.1724850329907032;0.8887390082300687;0.4247256628041562
GEM;mu;-0.0924168924487032;0.9191334767703911;0.3829526992594487
GEM;eta;-0.05988831538420502;0.9219364296271819;0.38268343236508984
GEM;;;;
GEM;epsilon;-0.1724850329907032;0.8887390082300687;0.4247256628041562
GEM;nu;-0.1182888062721451;0.9309070522321694;0.3455717268746446
GEM;;;;
GEM;kappa;-0.4008237532765115;0.8177316484450571;0.41310442982454193
GEM;upsilon;-0.36248975593336336;0.8148030502233858;0.45243470931178265
GEM;iota;-0.32324217874463534;0.8234063368670964;0.46638664033989125
GEM;tau;-0.2638909421451294;0.8225407896909973;0.5037739770455263
GEM;theta;-0.18932686620279066;0.8074635484469567;0.5587109768594847
GEM;;;;
GEM;beta;-0.3915508714375304;0.7912285888101935;0.4697288955620467
GEM;upsilon;-0.36248975593336336;0.8148030502233858;0.45243470931178265
GEM;delta;-0.3175964698405788;0.8712088116268129;0.37433633124317367
GEM;zeta;-0.2585273829447887;0.8998631113994585;0.35129755622577885
GEM;gamma;-0.15716261570951806;0.94635258438448;0.2823414568428765
GEM;;;;
GEM;delta;-0.3175964698405788;0.8712088116268129;0.37433633124317367
GEM;lambda;-0.32039979702696747;0.9035277690965171;0.28457255759568395
GEM;xi;-0.19141775420065663;0.9557816848411952;0.2232501160109514
GEM;;;;
CNC;iota;-0.5828462756278837;0.6547473972729906;0.4812442880190367
CNC;gamma;-0.6083492281142858;0.7042614529584585;0.3659604111507054
CNC;delta;-0.6255517889141173;0.7152965123014409;0.31150579268408823
CNC;beta;-0.5538431642684255;0.8171265233826314;0.15988118769183493
CNC;8;-0.5054804705753663;0.8324601592753079;0.2269351825659367
CNC;gamma;-0.6083492281142858;0.7042614529584585;0.3659604111507054
CNC;;;;
CNC;delta;-0.6255517889141173;0.7152965123014409;0.31150579268408823
CNC;alpha;-0.6874003855801212;0.6965592387430978;0.2056354464238516
CNC;;;;
CMI;alpha;-0.41809802139708;0.9038111146343234;0.09121136753337765
CMI;beta;-0.36729320064242177;0.9188798507747504;0.144067777806205
CMI;;;;
CMA;iota;-0.2318962620172896;0.9274989439205069;-0.2932061266221303
CMA;theta;-0.22913126558678035;0.9507449456858142;-0.2087652063526836
CMA;gamma;-0.2644305168771724;0.9259898857111524;-0.2694795600870661
CMA;iota;-0.2318962620172896;0.9274989439205069;-0.2932061266221303
CMA;alpha;-0.18746030476495915;0.9392135253715349;-0.2876396841477232
CMA;nu^3;-0.15635195179712014;0.9368328571123792;-0.3128869843951448
CMA;nu;-0.15046767102117278;0.9320212220779477;-0.3296906452627872
CMA;beta;-0.09407230921256346;0.9466632035007561;-0.30818692343625154
CMA;;;;
CMA;alpha;-0.18746030476495915;0.9392135253715349;-0.2876396841477232
CMA;omicron^2;-0.24842150486300946;0.8803456910514672;-0.4040769978218415
CMA;delta;-0.2633753772951962;0.8561150437095475;-0.4446351791849276
CMA;epsilon;-0.22139763442123747;0.8464250832100165;-0.48430121410708504
CMA;omicron;-0.21344611281720222;0.8867941493093799;-0.4099230338415728
CMA;nu;-0.15046767102117278;0.9320212220779477;-0.3296906452627872
CMA;xi;-0.127115786638004;0.9087918348738014;-0.3974153716882508
CMA;;;;
CMA;delta;-0.2633753772951962;0.8561150437095475;-0.4446351791849276
CMA;omega;-0.2862586499410565;0.8457145074093683;-0.45035869847406446
CMA;eta;-0.31281771216757814;0.8140331042866318;-0.4893824517488463
CMA;;;;
CMA;epsilon;-0.22139763442123747;0.8464250832100165;-0.48430121410708504
CMA;zeta;-0.07655671651955091;0.8620500114932944;-0.5010078311165965
CMA;;;;
CMA;epsilon;-0.22139763442123747;0.8464250832100165;-0.48430121410708504
CMA;kappa;-0.18191078093199967;0.8233792572353426;-0.5375454088123959
CMA;;;;
MON;15;-0.1751618115267291;0.9694624161144496;0.17164196317977867
MON;13;-0.14189052944543795;0.9816184771527966;0.12764107084288226
MON;8;-0.10318241178055462;0.9914239872202215;0.08019892432885888
MON;18;-0.2071607746398913;0.9774102736698405;0.04187565372919975
MON;delta;-0.30838272048234994;0.9512223427180947;-0.008726535498373997
MON;28;-0.5044398351965123;0.8631011072508438;-0.024432178152653125
MON;zeta;-0.5314163753506487;0.8455104766422827;-0.05204488348837259
MON;;;;
MON;13;-0.14189052944543795;0.9816184771527966;0.12764107084288226
MON;18;-0.2071607746398913;0.9774102736698405;0.04187565372919975
MON;;;;
MON;28;-0.5044398351965123;0.8631011072508438;-0.024432178152653125
MON;alpha;-0.42162969067755546;0.8914610816058738;-0.16590823946156075
MON;;;;
MON;delta;-0.30838272048234994;0.9512223427180947;-0.008726535498373997
MON;beta;-0.12446178297319108;0.9846401354231419;-0.122446185293913
MON;gamma;-0.06443324918438635;0.9919023322201974;-0.10944459664906199
MON;;;;
LEP;mu;0.19582925480732202;0.940114283325499;-0.27899110603922933
LEP;alpha;0.11298969154971572;0.9452222536512704;-0.3062486258024898
LEP;zeta;0.05501404212486873;0.9651080509022418;-0.25600762733316956
LEP;eta;0.015229622568584174;0.969468141856592;-0.24474390803765722
LEP;theta;-0.02599330692008212;0.9658015958069027;-0.2579760173585881
LEP;delta;0.035394641384061835;0.9337410521140017;-0.3561949844654341
LEP;gamma;0.06259242904033746;0.922091159641548;-0.38187704976567466
LEP;beta;0.12913552356262542;0.9261759427607196;-0.3542910379977159
LEP;alpha;0.11298969154971572;0.9452222536512704;-0.3062486258024898
LEP;;;;
LEP;beta;0.12913552356262542;0.9261759427607196;-0.3542910379977159
LEP;epsilon;0.2179746615822597;0.8987111354750646;-0.3805329708201636
LEP;mu;0.19582925480732202;0.940114283325499;-0.27899110603922933
LEP;;;;
LEP;mu;0.19582925480732202;0.940114283325499;-0.27899110603922933
LEP;lambda;0.1708844520363365;0.9585321621514238;-0.22806709138663028
LEP;;;;
LEP;mu;0.19582925480732202;0.940114283325499;-0.27899110603922933
LEP;kappa;0.19749069045119627;0.9543460151657259;-0.22410067050861288
LEP;;;;
SEX;alpha;-0.8827925569529954;0.46971863902054106;-0.006457673349044012
SEX;beta;-0.9243237928738032;0.38145068900957374;-0.010995352723218142
SEX;gamma;-0.8407302498958237;0.5227996650233984;-0.14090123193758247
SEX;alpha;-0.8827925569529954;0.46971863902054106;-0.006457673349044012
SEX;;;;
PYX;beta;-0.5248758201605341;0.6249687507009117;-0.5778576243835052
PYX;alpha;-0.547817769829835;0.6325110333718406;-0.5475632234925502
PYX;gamma;-0.5996806940873499;0.6513869339075392;-0.4648420457246197
PYX;;;;
TRI;alpha;0.7659071240375016;0.41189565098163045;0.4936884139323324
TRI;beta;0.6919017335756803;0.4388119481739503;0.5733376537562752
TRI;gamma;0.6858352376164596;0.4683568154816122;0.5570205743376967
TRI;alpha;0.7659071240375016;0.41189565098163045;0.4936884139323324
TRI;;;;
ARI;gamma;0.8304611024703796;0.4486383501949678;0.33023928902845456
ARI;beta;0.8202724401589704;0.44838841328129153;0.35510696240813694
ARI;alpha;0.7797684606874338;0.483319805674824;0.3979486313076105
ARI;41;0.6553973676820462;0.6004735037725548;0.45813301747697294
ARI;;;;
LEO;beta;-0.9667543823486308;0.046154624235284325;0.25150688831802814
LEO;delta;-0.9178495391254343;0.18632157153128195;0.3504803782087393
LEO;60;-0.9090380517866232;0.2336831550695262;0.34502464178770215
LEO;gamma;-0.8524304705492144;0.397570208142779;0.33955886452359385
LEO;zeta;-0.8259930859412625;0.39974547442481406;0.3974153716882507
LEO;mu;-0.7637009281665481;0.47366855100104005;0.4386330996517798
LEO;kappa;-0.6989995444141957;0.5627638009521421;0.44124431015781346
LEO;lambda;-0.7345532593863784;0.5549507196939364;0.3904628123599351
LEO;epsilon;-0.7628366183678229;0.505628762916219;0.40301345857050264
LEO;eta;-0.8440999422830388;0.45197041338236826;0.28847535919856593
LEO;theta;-0.9447985759291004;0.19114840501577898;0.2661163996868056
LEO;delta;-0.9178495391254343;0.18632157153128195;0.3504803782087393
LEO;;;;
LEO;epsilon;-0.7628366183678229;0.505628762916219;0.40301345857050264
LEO;mu;-0.7637009281665481;0.47366855100104005;0.4386330996517798
LEO;;;;
LEO;omicron;-0.8097793458932578;0.560979318194352;0.17192910027940972
LEO;eta;-0.8440999422830388;0.45197041338236826;0.28847535919856593
LEO;alpha;-0.8644932353603464;0.45788673201737284;0.20734316159124083
LEO;31;-0.8693318590159534;0.4627185205854856;0.17364817766693041
LEO;;;;
LEO;rho;-0.9163081524506326;0.36641994317627014;0.16160382110336108
LEO;theta;-0.9447985759291004;0.19114840501577898;0.2661163996868056
LEO;iota;-0.970999858959006;0.15408079151487655;0.18280695716448983
LEO;sigma;-0.9801948426034643;0.16784130409849982;0.10510645637678383
LEO;;;;
LMI;beta;-0.7378787821483622;0.31365440624632795;0.5976251469755212
LMI;46;-0.7921430115476771;0.23727766941173098;0.5623244231355368
LMI;21;-0.7201015526282206;0.3851716286531388;0.5771451900372336
LMI;beta;-0.7378787821483622;0.31365440624632795;0.5976251469755212
LMI;;;;
LYN;alpha;-0.63449681914788;0.5274713940416756;0.5649670034249379
LYN;38;-0.6106345897536023;0.5177030915666113;0.5992569622280767
LYN;31;-0.4254694007571348;0.5919214886993217;0.6845471059286887
LYN;21;-0.24129789867173132;0.6069970997048068;0.7571854759875943
LYN;15;-0.1295102419064641;0.5074723669721807;0.851879624125957
LYN;2;-0.04400886519049075;0.512903622104967;0.8573173824297804
LYN;;;;
VIR;nu;-0.9916457628998296;0.06130305099525386;0.11349280532918378
VIR;beta;-0.9987018278356322;0.0405484855020351;0.030829845949312908
VIR;eta;-0.9961651808399511;-0.08671527855095677;-0.011635847538430952
VIR;gamma;-0.9832040048091788;-0.18074723654674624;-0.02530457286552958
VIR;delta;-0.9690245712770185;-0.23980942675058528;0.059015414113148035
VIR;epsilon;-0.9458223700977281;-0.263114761294028;0.19023844672385
VIR;;;;
VIR;gamma;-0.9832040048091788;-0.18074723654674624;-0.02530457286552958
VIR;theta;-0.949338241567922;-0.29909741907764564;-0.0964242552359975
VIR;alpha;-0.9141308239400698;-0.35632807343169026;-0.19337823250590785
VIR;iota;-0.8244556376396207;-0.556189447878283;-0.10452846326765355
VIR;mu;-0.7537428944016168;-0.6497530133923041;-0.09845136223889181
VIR;;;;
VIR;theta;-0.949338241567922;-0.29909741907764564;-0.0964242552359975
VIR;zeta;-0.9157877080396987;-0.40152610816834616;-0.010471784116245747
VIR;tau;-0.8621245236276733;-0.5059739528106789;0.027049303815331712
VIR;109;-0.7478211605717008;-0.6630718256322007;0.033155178388526496
VIR;;;;
VEL;mu;-0.617412821140356;0.20428947333669503;-0.7596494055650425
VEL;psi;-0.6049817563372045;0.46128981477904923;-0.6490059947953191
VEL;lambda;-0.531090889539289;0.4952503532542137;-0.6875096760409583
VEL;gamma;-0.3628659395772105;0.5721530001491977;-0.7355061211948004
VEL;delta;-0.38031399327415605;0.4347479818448935;-0.8163059835635516
VEL;kappa;-0.4425870061010978;0.3644623536734858;-0.8193191898065428
VEL;phi;-0.49786966508846914;0.2965935914768622;-0.8149589180317937
VEL;mu;-0.617412821140356;0.20428947333669503;-0.7596494055650425
VEL;;;;
CEN;alpha;-0.373879654525581;-0.3126119142392661;-0.8732054712423039
CEN;beta;-0.42400898467799436;-0.2543508290039516;-0.8692077063034697
CEN;epsilon;-0.5396438698163035;-0.2513056689408589;-0.803511017054447
CEN;zeta;-0.593800007841322;-0.32756997500261875;-0.7349145951499599
CEN;upsilon^1;-0.6165343474069269;-0.3512492400226589;-0.7046342099635947
CEN;mu;-0.6547163153973158;-0.33943301424499794;-0.6753752847070416
CEN;nu;-0.6631988806645454;-0.34340260409036455;-0.6650127037803492
CEN;theta;-0.6851749642968465;-0.4226910256383774;-0.5931842590170373
CEN;;;;
CEN;kappa;-0.5265984390282241;-0.5227066410564446;-0.6704266189587991
CEN;eta;-0.5771851236174074;-0.46531409601104684;-0.6710738596668628
CEN;mu;-0.6547163153973158;-0.33943301424499794;-0.6753752847070416
CEN;iota;-0.7525586467505787;-0.2760802788722443;-0.597858815121732
CEN;;;;
CEN;zeta;-0.593800007841322;-0.32756997500261875;-0.7349145951499599
CEN;gamma;-0.6457553248067011;-0.11827550625409342;-0.7543281547868473
CEN;sigma;-0.6348780952936754;-0.07809382900705801;-0.7686554221413462
CEN;delta;-0.6327351081340841;-0.023063172558293155;-0.7740247883666875
CEN;pi;-0.5723224723337846;0.09830010393263178;-0.8141155183563191
CEN;lambda;-0.45120015627448234;0.04785434785751032;-0.8911388109430624
CEN;;;;
CRT;theta;-0.9803124919327271;0.10008069021692034;-0.1702094991660325
CRT;epsilon;-0.9703874257957751;0.15101880881045382;-0.18852470194359267
CRT;delta;-0.9517887393900342;0.17068228648527095;-0.25488380225210383
CRT;alpha;-0.9168239273216818;0.2466629763178997;-0.31399245596740477
CRT;beta;-0.9012041091406264;0.1929956994040513;-0.3880513028963965
CRT;gamma;-0.9415875751807554;0.14541495777815763;-0.3037553757871651
CRT;zeta;-0.9470552063918988;0.06304171767865446;-0.3148208663321459
CRT;eta;-0.9553917292653857;0.016606953338225754;-0.29487429991797864
CRT;;;;
CRT;gamma;-0.9415875751807554;0.14541495777815763;-0.3037553757871651
CRT;delta;-0.9517887393900342;0.17068228648527095;-0.25488380225210383
ANT;;;;
ANT;iota;-0.7670331752254284;0.21734972702033592;-0.603671437346329
ANT;alpha;-0.7871146248847234;0.3374932245687523;-0.51628373077482
ANT;theta;-0.7340070213764021;0.4941624782188128;-0.4658724478768662
ANT;epsilon;-0.6406268782030596;0.49490950459570693;-0.5870790280572404
ANT;alpha;-0.7871146248847234;0.3374932245687523;-0.51628373077482
ANT;;;;
HYA;pi;-0.76105401759587;-0.46812729712774026;-0.4490585885884622
HYA;gamma;-0.8652890402750965;-0.310315427284687;-0.3936739924975038
HYA;beta;-0.8296140231654237;0.025709258575724536;-0.5577451089796901
HYA;xi;-0.8435446357149792;0.09984008698199791;-0.5276972660417241
HYA;nu;-0.9154415332038975;0.29032200696077337;-0.2787111974061427
HYA;mu;-0.877826531499769;0.3813104268969396;-0.28986710564456714
HYA;lambda;-0.8675746576478276;0.44882783924981917;-0.2141676542375001
HYA;upsilon^1;-0.8185666136257906;0.5140665873953504;-0.25628937313299643
HYA;alpha;-0.7779051108590218;0.6100469500736352;-0.15068628738298878
HYA;iota;-0.8186163497621829;0.574000071241512;-0.019778526658437295
HYA;theta;-0.7494017803216042;0.6608804359488027;0.04042302599918201
HYA;zeta;-0.6890405517730966;0.7172709464094552;0.10366053949845527
HYA;epsilon;-0.6610089421663173;0.7420088934451792;0.11175858098789032
HYA;delta;-0.6318158182650807;0.7687290544144194;0.0993197497436391
HYA;sigma;-0.6375645500991941;0.7681775636049618;0.058435222518246406
HYA;eta;-0.6523917282156283;0.7555807129968838;0.059015414113148035
HYA;zeta;-0.6890405517730966;0.7172709464094552;0.10366053949845527
HYA;;;;
PUP;rho;-0.4814515434927709;0.7738606747537017;-0.41151435860510877
PUP;xi;-0.41642064630648595;0.8060808800752965;-0.4205085731667357
PUP;zeta;-0.3933475818108376;0.6573444825333453;-0.6427876096865394
PUP;pi;-0.2634486690467934;0.7528179874961545;-0.6032079877452825
PUP;sigma;-0.2762557472244085;0.6733022715790171;-0.6858183529273763
PUP;zeta;-0.3933475818108376;0.6573444825333453;-0.6427876096865394
PUP;;;;
PUP;sigma;-0.2762557472244085;0.6733022715790171;-0.6858183529273763
PUP;L2;-0.22455884094051237;0.6750420930379656;-0.7027741454993747
PUP;nu;-0.11961511552666514;0.7192901871894393;-0.6843346043789719
PUP;tau;-0.13715183609825443;0.6195048795431064;-0.772918545564252
PUP;L2;-0.22455884094051237;0.6750420930379656;-0.7027741454993747
PUP;;;;
COL;delta;-0.08040877331220461;0.830644962958438;-0.5509658561891123
COL;gamma;0.008726189169922776;0.8162593414008983;-0.5776197202297915
COL;beta;0.03197357494474608;0.8107734479404707;-0.5844861902731094
COL;alpha;0.0734444594483469;0.8249608616999835;-0.5603976160188057
COL;epsilon;0.10199814287563434;0.8078712884423211;-0.5804656408095706
COL;;;;
COL;beta;0.03197357494474608;0.8107734479404707;-0.5844861902731094
COL;eta;0.0027205985917290233;0.7335267513558774;-0.6796551356302662
COL;;;;
CAR;alpha;-0.06323578805099352;0.6029130980361885;-0.7952968196377848
CAR;chi;-0.2936766188251842;0.5255621447363942;-0.7984600651100147
CAR;epsilon;-0.29565980149394544;0.4125293585399615;-0.8616291604415258
CAR;iota;-0.3872934773524981;0.3334190666580092;-0.8595554015821855
CAR;q;-0.4323816180641465;0.2083632406502031;-0.877286097180376
CAR;p;-0.4398237756849701;0.17764587286549433;-0.880339133627532
CAR;theta;-0.40814443465057243;0.14263036712654265;-0.9017065480726599
CAR;omega;-0.3054303908301921;0.1526981628178483;-0.9398912423410328
CAR;beta;-0.25883128741331807;0.2306102650611459;-0.9379900161005938
CAR;upsilon;-0.3526480469059251;0.23098624036382953;-0.9067991573529497
CAR;L;-0.38399443067874967;0.2559713842202194;-0.8871453813598353
CAR;iota;-0.3872934773524981;0.3334190666580092;-0.8595554015821855
CAR;;;;
CAS;epsilon;0.3892383433730819;0.21221967814149817;0.8963572503514978
CAS;delta;0.46206937524937364;0.18158715020180632;0.8680541453954587
CAS;gamma;0.4742354154092158;0.11977985928170075;0.8722118756827979
CAS;alpha;0.5428571812150306;0.09698276225861738;0.8342064640291155
CAS;;;;
CAS;gamma;0.4742354154092158;0.11977985928170075;0.8722118756827979
CAS;kappa;0.45031854041439806;0.06529308093323281;0.8904774145037551
CAS;beta;0.5123821322977756;0.02050477940448572;0.8585127282245489
CAS;;;;
PIC;alpha;-0.09822380452946215;0.46013204710350575;-0.8824004665978453
PIC;gamma;0.02470151624289683;0.5564726007008783;-0.8304986934152894
PIC;beta;0.034850868427312484;0.6274481324195271;-0.7778780483424826
PIC;delta;-0.02579056119689949;0.5734727848927552;-0.8188185464072592
PIC;alpha;-0.09822380452946215;0.46013204710350575;-0.8824004665978453
PIC;;;;
DOR;gamma;0.2729517996020386;0.5597372657282167;-0.7824266792799874
DOR;alpha;0.20995434944457023;0.5330003038052596;-0.8196522721818126
DOR;zeta;0.12658959235078163;0.5224271639604409;-0.8432348032812175
DOR;beta;0.05306838081941243;0.4589491646471677;-0.8868762096408228
DOR;delta;0.027267361480015222;0.4100790427261223;-0.9116422926316798
DOR;;;;
AND;alpha;0.8733293404071449;0.0319598867563572;0.4860806813920318
AND;delta;0.845752746198814;0.14659373737687073;0.513042462627652
AND;beta;0.7755900504308824;0.24355076283965474;0.582359939893571
AND;mu;0.7587377205765299;0.19181396859004876;0.6225146366376195
AND;nu;0.7360182227655421;0.1625537562975733;0.657155576762917
AND;phi;0.6478275731499957;0.20270640740406898;0.7343225094356856
AND;51;0.6015891139301357;0.27410720571601255;0.7503037903245018
AND;;;;
AND;pi;0.8210440074745434;0.13328645249747062;0.5550868935317977
AND;beta;0.7755900504308824;0.24355076283965474;0.582359939893571
AND;upsilon;0.6841914228068132;0.30748774567410114;0.6613118653236518
AND;gamma;0.6338459557429882;0.3804140035680967;0.673442269446721
AND;;;;
AND;eta;0.8891899833941421;0.22672052350286906;0.3974153716882507
AND;zeta;0.8922682950451933;0.18694640775337057;0.4109845864326961
AND;epsilon;0.8596208125578167;0.14597275722347938;0.4896366129753922
AND;delta;0.845752746198814;0.14659373737687073;0.513042462627652
AND;pi;0.8210440074745434;0.13328645249747062;0.5550868935317977
AND;sigma;0.7983447620221202;0.06399966094478589;0.5987901839131939
AND;theta;0.7784407575185975;0.05818968661002587;0.6250151577410735
AND;iota;0.7248593615944636;-0.06937034071994899;0.6853952594943044
AND;;;;
AND;omicron;0.7158147666505775;-0.18540008655540255;0.6732280651831357
AND;iota;0.7248593615944636;-0.06937034071994899;0.6853952594943044
AND;kappa;0.7126769760930279;-0.061045782432648237;0.698831124231086
AND;lambda;0.6854790056439583;-0.06731248310284052;0.7249741805332794
AND;;;;
TAU;omicron;0.6187762526457374;0.7697170175291345;0.1570084777575808
TAU;xi;0.609619241418521;0.7744561579788072;0.16906223664973735
TAU;lambda;0.48571787805394834;0.8469682048302712;0.21615504376571326
TAU;gamma;0.4077784975922463;0.8724951375212724;0.2692005421672594
TAU;theta;0.3732671563040998;0.886523520979904;0.2734002135588861
TAU;alpha;0.343935746074505;0.8950103276191206;0.28401534470392276
TAU;zeta;0.09080711895372047;0.9282077432539709;0.36081082648764196
TAU;;;;
TAU;beta;0.12870044081625986;0.8684988783384066;0.47869185794060687
TAU;epsilon;0.36669416599192206;0.8703810065918978;0.3285913754065426
TAU;delta;0.3918906180218381;0.869289439413601;0.3012600438665061
TAU;gamma;0.4077784975922463;0.8724951375212724;0.2692005421672594
TAU;;;;
TAU;epsilon;0.36669416599192206;0.8703810065918978;0.3285913754065426
TAU;eta;0.498824653575721;0.7643447256431405;0.4085965067968328
TAU;;;;
AUR;delta;0.0011887318629689302;0.5837766742456514;0.811913407650868
AUR;beta;0.0014411192865260583;0.7077221116781296;0.706489444943837
AUR;alpha;0.13051325768972724;0.6822877261214394;0.7193398003386512
AUR;delta;0.0011887318629689302;0.5837766742456514;0.811913407650868
AUR;;;;
AUR;alpha;0.13051325768972724;0.6822877261214394;0.7193398003386512
AUR;epsilon;0.18071511082501102;0.6983546210453125;0.6925625401248338
AUR;zeta;0.1871857411499835;0.7301424835191617;0.657155576762917
AUR;iota;0.22726130002277567;0.8058077871551863;0.5468328004719724
AUR;bet_tau;0.12870044081625986;0.8684988783384066;0.47869185794060687
AUR;theta;0.0009846833432252055;0.7965293093831176;0.6045991148623749
AUR;beta;0.0014411192865260583;0.7077221116781296;0.706489444943837
AUR;;;;
HOR;alpha;0.3301093483247021;0.6620967778410395;-0.6727969046608
HOR;iota;0.47961237552189023;0.41162241031468;-0.7749444887041798
HOR;eta;0.47021189588787116;0.3855496318818233;-0.7938842827020348
HOR;zeta;0.4432135011761713;0.3741027170251613;-0.8146219672274694
HOR;;;;
CAE;gamma;0.19555656949557773;0.7904538367081634;-0.5804656408095706
CAE;beta;0.26595802114517125;0.7515631222464031;-0.603671437346329
CAE;alpha;0.25302220767417544;0.700397886117817;-0.6673998528209159
CAE;delta;0.26845481364043716;0.65483179307073;-0.7064894449438369
CAE;;;;
SCL;alpha;0.8431655040585309;0.22041414537523335;-0.49039732593503116
SCL;delta;0.880821973697634;-0.04262988248363009;-0.47152448904679006
SCL;gamma;0.8295147616749022;-0.1506237271100581;-0.5377896921612619
SCL;beta;0.7844938199850967;-0.09290885833274709;-0.6131373340847026
SCL;eta;0.8322987426686398;0.10188630364313182;-0.5448834591746577
SCL;alpha;0.8431655040585309;0.22041414537523335;-0.49039732593503116
SCL;;;;
CET;delta;0.7674785247749095;0.641048262442068;0.005817149588420845
CET;omicron;0.8196631434152407;0.5704766966575656;-0.05204488348837259
CET;zeta;0.8697328995622334;0.4597712982181451;-0.17937401359692948
CET;theta;0.9240486684167631;0.35478621481747336;-0.14234043758783543
CET;iota;0.9845890609499003;0.08368785609742069;-0.15356016345267026
CET;beta;0.93399970889204;0.17978958255760152;-0.3087397768240236
CET;upsilon;0.8080183416871237;0.4665880207257338;-0.35972486487930305
CET;delta;0.7674785247749095;0.641048262442068;0.005817149588420845
CET;gamma;0.7555052513139301;0.6527102373977905;0.056401783954012616
CET;alpha;0.6982353514685898;0.712288922708636;0.07149744433268575
CET;lambda;0.6994242441112889;0.6976970984829848;0.1549983403710383
CET;mu;0.7403389839033389;0.6488790153087851;0.17565367176598717
CET;xi;0.7895418472580755;0.5957731541551853;0.14723457547834265
CET;gamma;0.7555052513139301;0.6527102373977905;0.056401783954012616
CET;;;;
CET;beta;0.93399970889204;0.17978958255760152;-0.3087397768240236
CET;tau;0.8641415023406214;0.42178105638791186;-0.27451813128606123
CET;;;;
FOR;alpha;0.5851402385173056;0.6502443147904422;-0.4845546742635128
FOR;beta;0.6246647140653275;0.5678202838043898;-0.5360728684628472
FOR;nu;0.7465275952668964;0.4507786213046411;-0.4893824517488463
FOR;;;;
PHE;alpha;0.7347725565622577;0.08463714776751907;-0.6730125135097734
PHE;kappa;0.7184481338118912;0.08249205509393613;-0.6906716585097363
PHE;beta;0.657301902505607;0.1949617149124706;-0.7279726222056006
PHE;gamma;0.6741767619256404;0.2735834762879616;-0.686030447707427
PHE;delta;0.6037291343015215;0.2539392992561487;-0.7556625997684625
PHE;beta;0.657301902505607;0.1949617149124706;-0.7279726222056006
PHE;;;;
PHE;kappa;0.7184481338118912;0.08249205509393613;-0.6906716585097363
PHE;zeta;0.5448111208188195;0.16756238242042285;-0.8216469379421636
PHE;eta;0.5281978900930103;0.10111746583156078;-0.8430790277341119
PHE;;;;
PHE;kappa;0.7184481338118912;0.08249205509393613;-0.6906716585097363
PHE;epsilon;0.6972036107241391;0.028612078555858473;-0.7163019434246543
PHE;iota;0.7315549051807537;-0.07984915479161342;-0.6770904911347103
PHE;sigma;0.6386760453421667;-0.03552113622618962;-0.7686554221413462
PHE;epsilon;0.6972036107241391;0.028612078555858473;-0.7163019434246543
PHE;;;;
CAM;7;0.15973816201628385;0.5690807197052494;0.8066169190237797
CAM;beta;0.12052940740157327;0.4782280166639555;0.8699256439656696
CAM;alpha;0.11392423226208952;0.3849099862517172;0.9158960485705768
CAM;gamma;0.1716844588434706;0.27044439723590774;0.9473036865732821
CAM;;;;
CAM;alpha;0.11392423226208952;0.3849099862517172;0.9158960485705768
CAM;SAO13788;-0.029011789177581838;0.352008653942456;0.9355470184006445
CAM;SAO6022;-0.05843210260223457;0.21781585970922593;0.9742391598804745
CAM;;;;
ERI;alpha;0.4925590735273283;0.22369384827880398;-0.8410390129643924
ERI;chi;0.5433337749595093;0.3010198895968864;-0.7836934573258397
ERI;phi;0.5151384944183183;0.34910288439798465;-0.7827895679385588
ERI;kappa;0.5392831481490851;0.4026406952397575;-0.7396310949786095
ERI;iota;0.5866731853013792;0.49519256982158844;-0.6407799095179443
ERI;theta;0.5433901359687109;0.5351543153640049;-0.6467897795104597
ERI;41;0.35807533089597965;0.749878153821587;-0.5562956155003048
ERI;43;0.3370234276783904;0.7572636448624095;-0.5594345192831842
ERI;upsilon^2;0.31014608310693803;0.8032405530634132;-0.5085410711513931
ERI;upsilon^1;0.3199042461795086;0.8069567972416865;-0.49646953648915865
ERI;tau^9;0.4569434986962523;0.7909179988683437;-0.4070028968758365
ERI;tau^8;0.47608895614261815;0.7746286902988329;-0.41628079226040104
ERI;tau^6;0.5042698574962261;0.7680424458762763;-0.39474385638426723
ERI;tau^5;0.5536309754812556;0.7467120967563751;-0.36866487159122063
ERI;tau^4;0.5985264325156273;0.7102487557794523;-0.3705574375098363
ERI;tau^3;0.641063737730564;0.6546327354749085;-0.40061610777845313
ERI;tau^2;0.6854568704234368;0.6338148716526023;-0.35836794954530027
ERI;tau^1;0.7123670686819435;0.6252793561965747;-0.31868304970909933
ERI;eta;0.7094299199883914;0.6875855474021642;-0.15471038629946815
ERI;zeta;0.6488490325330964;0.7453201018064041;-0.1532738686931217
ERI;epsilon;0.5904060862361599;0.7901701336895268;-0.16447435411144026
ERI;delta;0.5538182593651637;0.8151740344142387;-0.16963675666126699
ERI;pi;0.539140893653185;0.8157126668606917;-0.2096185629038217
ERI;gamma;0.4933586782875944;0.8378353515820236;-0.23372877058193955
ERI;omicron;0.45128014602999006;0.8844149130737522;-0.11898105450826241
ERI;nu;0.35646743435719613;0.9324785750954501;-0.05843522251824628
ERI;mu;0.31885924675699473;0.946105019855542;-0.05669278756337747
ERI;beta;0.2247015589544228;0.9703909236280385;-0.08860397702007819
ERI;;;;
PEG;alp_and;0.8733293404071449;0.0319598867563572;0.4860806813920318
PEG;beta;0.8558549596332637;-0.21424811686100725;0.4707547477112224
PEG;eta;0.8158139235148888;-0.2848948961790504;0.503271835423334
PEG;pi;0.7425012022604424;-0.3865215785374716;0.5470768081053143
PEG;;;;
PEG;alp_and;0.8733293404071449;0.0319598867563572;0.4860806813920318
PEG;gamma;0.9634844760217314;0.055694878036062885;0.26190789416449045
PEG;alpha;0.9371270821561656;-0.23032513213520583;0.2621891786408647
PEG;beta;0.8558549596332637;-0.21424811686100725;0.4707547477112224
PEG;mu;0.8671737623094086;-0.2733495344009167;0.41628079226040116
PEG;lambda;0.869903457688809;-0.28881626805696514;0.39981637986293384
PEG;iota;0.79617905344007;-0.4278023475273913;0.42788323911240955
PEG;kappa;0.7487668704856898;-0.5019656380977872;0.4328725815204141
PEG;;;;
PEG;alpha;0.9371270821561656;-0.23032513213520583;0.2621891786408647
PEG;zeta;0.9250524075813148;-0.3300788089783097;0.18795218299204103
PEG;theta;0.8822229338359818;-0.45827811881096486;0.10799935570602284
PEG;epsilon;0.8171745929591674;-0.5502406029164065;0.17164196317977867
PEG;;;;
PER;eta;0.41218763523559776;0.380022940865112;0.8280603346224944
PER;tau;0.4384115676712392;0.417007509114851;0.7961783937497136
PER;gamma;0.4117025315125135;0.4293194302437515;0.8038568606172173
PER;;;;
PER;tau;0.4384115676712392;0.417007509114851;0.7961783937497136
PER;iota;0.439655183477572;0.47589391549156307;0.761727182683808
PER;alpha;0.4050507611742547;0.5016863473223638;0.7643590058228538
PER;;;;
PER;eta;0.41218763523559776;0.380022940865112;0.8280603346224944
PER;gamma;0.4117025315125135;0.4293194302437515;0.8038568606172173
PER;alpha;0.4050507611742547;0.5016863473223638;0.7643590058228538
PER;sigma;0.40602715184448074;0.5318625013396153;0.7431448254773942
PER;nu;0.4085288676733896;0.6125630796719603;0.6766613907267811
PER;epsilon;0.38922880098068136;0.6597916559949862;0.6427876096865394
PER;xi;0.4088315958489627;0.700683799409229;0.5847212493838734
PER;zeta;0.44324570843368727;0.7242566221387174;0.5281908625140479
PER;omicron;0.47178263783865726;0.7015354360293699;0.5341059582415087
PER;;;;
PER;alpha;0.4050507611742547;0.5016863473223638;0.7643590058228538
PER;psi;0.39060064122506;0.5400895045929045;0.7454759996828623
PER;delta;0.3783710613606812;0.5552782880991707;0.740608778431937
PER;48;0.31412974446227465;0.5949606529554871;0.7398272265055177
PER;mu;0.29390689625774324;0.5953291124906371;0.7477980904985319
PER;lambda;0.303044902592523;0.5615429452142549;0.7699566920890997
PER;;;;
PER;iota;0.439655183477572;0.47589391549156307;0.761727182683808
PER;kappa;0.47996345930440437;0.5214993703066783;0.7054597681670354
PER;beta;0.5146589057236255;0.5527900385572732;0.655400170911794
PER;epsilon;0.38922880098068136;0.6597916559949862;0.6427876096865394
PER;;;;
PER;beta;0.5146589057236255;0.5527900385572732;0.655400170911794
PER;rho;0.5382201338663357;0.5631332364399441;0.6270566525582658
PER;16;0.5771135268692816;0.5315358635208354;0.6200077442223273
PER;;;;
PER;iota;0.439655183477572;0.47589391549156307;0.761727182683808
PER;theta;0.4926020538666911;0.42896779771884713;0.7571854759875943
PER;phi;0.5699051698220721;0.27688474790227086;0.7736555653449222
PER;;;;
PSC;phi;0.8626793507673144;0.2876025479174966;0.4160157595464971
PSC;tau;0.8231958963726498;0.26614938795535;0.5015107371594574
PSC;upsilon;0.8359826544706779;0.30207141493627443;0.45813301747697294
PSC;phi;0.8626793507673144;0.2876025479174966;0.4160157595464971
PSC;eta;0.888514680186317;0.3747903399126556;0.2647146845219645
PSC;omicron;0.884696901998684;0.43820558008186394;0.1590196880233643
PSC;alpha;0.8605510546473655;0.5070719483532751;0.048269260803545766
PSC;xi;0.8783460252688816;0.47475490463464987;0.05582150499316394
PSC;nu;0.8995119295549086;0.42631843967887617;0.09555562033796611
PSC;epsilon;0.9534377005114135;0.26859789235623266;0.1371558364244762
PSC;delta;0.968973964069042;0.20898335455582814;0.1319674750645775
PSC;omega;0.9928225839614652;-0.002960241577818416;0.11955983332992935
PSC;iota;0.9913646391863279;-0.08695119638567406;0.09816130407681872
PSC;theta;0.9841086390901171;-0.13845344167281917;0.11117927395494538
PSC;gamma;0.9809729135592686;-0.18550456058853487;0.057273037844122285
PSC;kappa;0.9893741085323889;-0.1437462491916561;0.02181488503456116
PSC;lambda;0.9964515782446686;-0.07820379269247699;0.031119431585766428
PSC;iota;0.9913646391863279;-0.08695119638567406;0.09816130407681872
PSC;;;;
PSC;gamma;0.9809729135592686;-0.18550456058853487;0.057273037844122285
PSC;beta;0.968003091888556;-0.24194865415121922;0.06656472675981981
PSC;;;;
UMA;eta;-0.581428442142883;-0.29476281118531683;0.7583243711034411
UMA;zeta;-0.5364294995297915;-0.20573699617565908;0.8184837691969428
UMA;epsilon;-0.5444266021335591;-0.13078908058933197;0.8285492690769236
UMA;delta;-0.5429181825020004;-0.036615780158242156;0.8389869675698949
UMA;alpha;-0.45912649844736597;0.11504071352104776;0.8808907382053855
UMA;23;-0.3611885247456265;0.273329866981944;0.8915344263727064
UMA;omicron;-0.29821368347839283;0.3877048399287072;0.8722118756827979
UMA;iota;-0.4712223460948544;0.47445473287734397;0.7435335950655824
UMA;kappa;-0.4884187428070644;0.4732417651281456;0.7331366608028573
UMA;mu;-0.6819491565780303;0.3096449895365445;0.6626200482157375
UMA;xi;-0.8381878977726005;0.15465541194827975;0.5229940263355373
UMA;nu;-0.8241677128203041;0.15095323217238507;0.5458577679590709
UMA;psi;-0.6963176516718231;0.1554327998927569;0.7007013434322327
UMA;chi;-0.6706921194792094;0.04087441960493106;0.740608778431937
UMA;eta;-0.581428442142883;-0.29476281118531683;0.7583243711034411
UMA;;;;
UMA;delta;-0.5429181825020004;-0.036615780158242156;0.8389869675698949
UMA;gamma;-0.5917977226709031;0.015970576492085057;0.8059282822485158
UMA;beta;-0.5359088857199351;0.13896978565673873;0.8327599083054718
UMA;alpha;-0.45912649844736597;0.11504071352104776;0.8808907382053855
UMA;;;;
UMA;23;-0.3611885247456265;0.273329866981944;0.8915344263727064
UMA;upsilon;-0.4349292680248206;0.2744641892955961;0.8576164297689877
UMA;phi;-0.4978067467797094;0.3107623008800249;0.8097007071828178
UMA;theta;-0.496540665965743;0.37129095051987926;0.7845956902152478
UMA;lambda;-0.6597601261267512;0.31787573215922005;0.6809343543084407
UMA;mu;-0.6819491565780303;0.3096449895365445;0.6626200482157375
UMA;;;;
UMI;alpha;0.010342225628929521;0.008023458185949083;0.999914327574007
UMI;delta;-0.007215764110534123;-0.059158889890619445;0.9982224994935802
UMI;epsilon;-0.043996764339559055;-0.13142892582076116;0.9903487881475143
UMI;zeta;-0.11813308652151094;-0.17522198339766806;0.9774158942860959
UMI;eta;-0.10645616143658815;-0.2219426262825697;0.9692309097067544
UMI;gamma;-0.1996448029065999;-0.23947950659332695;0.9501534184510423
UMI;beta;-0.20078707777122182;-0.18514587407789476;0.9619800178340637
UMI;zeta;-0.11813308652151094;-0.17522198339766806;0.9774158942860959
UMI;;;;
CEP;gamma;0.2135793276497799;-0.019311938507898165;0.9767348257494125
CEP;iota;0.38469996697194053;-0.12188002961899107;0.9149596678498249
CEP;zeta;0.4683146966501116;-0.24158591703377547;0.849892692986864
CEP;alpha;0.3508954139519537;-0.298151760939111;0.8876812130018267
CEP;beta;0.26297544148053237;-0.2042604781035936;0.942932433561923
CEP;gamma;0.2135793276497799;-0.019311938507898165;0.9767348257494125
CEP;;;;
CEP;beta;0.26297544148053237;-0.2042604781035936;0.942932433561923
CEP;iota;0.38469996697194053;-0.12188002961899107;0.9149596678498249
CEP;;;;
CHA;alpha;-0.12864970637163967;0.186256432755081;-0.9740419879593707
CHA;gamma;-0.18436368422353172;0.07126328749977565;-0.9802711746217218
CHA;beta;-0.1850728824964514;-0.01483644948060532;-0.9826127965436152
CHA;delta;-0.15565295493429776;0.052244408374952735;-0.9864292571764954
CHA;theta;-0.12481089309335204;0.17717676194562082;-0.9762328799992882
CHA;alpha;-0.12864970637163967;0.186256432755081;-0.9740419879593707
CHA;;;;
CIR;gamma;-0.3220459171507781;-0.39551280774073255;-0.8601488511644694
CIR;alpha;-0.3211616452229932;-0.27551194301623777;-0.9060620105120166
CIR;beta;-0.3372616613043821;-0.3932003996110347;-0.8553642601605066
CIR;;;;
COM;alpha;-0.9095132365172443;-0.28669573566359063;0.30098376659255194
COM;beta;-0.8407994865885651;-0.2726516709573059;0.46767220323277114
COM;gamma;-0.8746778399090344;-0.10326698148039898;0.4735764002861552
COM;;;;
CRA;kappa;0.11322495153026596;-0.7718059729614452;-0.6256961326810371
CRA;lambda;0.1489236208926878;-0.7703324946051233;-0.6200077442223271
CRA;epsilon;0.2021688586710056;-0.7715360497759972;-0.6032079877452825
CRA;gamma;0.22806628121351843;-0.7648302953725438;-0.6025117348681135
CRA;alpha;0.23547681762105732;-0.752942080280259;-0.6145151683288992
CRA;beta;0.23269474943232854;-0.7376394978477222;-0.633830517411071
CRA;delta;0.22337861427253017;-0.7268557127833554;-0.6494480483301835
CRA;zeta;0.2017656720295973;-0.7140159397253805;-0.6704266189587991
CRA;eta;0.15302002239884605;-0.7069985485823124;-0.690462109784136
CRA;theta;0.10769963742147798;-0.7315495611023588;-0.6732280651831357
CRA;;;;
CRB;theta;-0.5110805016872769;-0.684004717700034;0.5205134647241876
CRB;beta;-0.5384985377576351;-0.6881113446101784;0.4863353804234905
CRB;alpha;-0.5291763908719207;-0.7196184662654062;0.4495793704715473
CRB;gamma;-0.5053550147979324;-0.7404756774399988;0.4430711908241796
CRB;delta;-0.48396863264390394;-0.7567608051203538;0.43941716676796305
CRB;epsilon;-0.4540848593342902;-0.7676880413653621;0.4521747578845729
CRB;iota;-0.4289595972068648;-0.7538285454077963;0.49773103991261225
CRB;;;;
CRU;beta;-0.49362419193143187;-0.1043229616741714;-0.8633955506067716
CRU;delta;-0.5176402071828003;-0.03426819648348185;-0.8549118706729466
CRU;;;;
CRU;gamma;-0.5379171504487428;-0.0736057167319859;-0.8397781479161477
CRU;alpha;-0.44939077196932253;-0.05239370438186131;-0.891797529605214
CRU;;;;
CRV;alpha;-0.9077762653081403;-0.03328664455424757;-0.418131858912382
CRV;epsilon;-0.9221959999652408;-0.040801522123614244;-0.3845643944003474
CRV;gamma;-0.9512721469677449;-0.06575475931769513;-0.301260043866506
CRV;delta;-0.9506164855285232;-0.12451812816872117;-0.2842947998095585
CRV;beta;-0.907445704158721;-0.13717086778258497;-0.3971478906347807
CRV;epsilon;-0.9221959999652408;-0.040801522123614244;-0.3845643944003474
CRV;;;;
CVN;alpha;-0.7612622246208164;-0.18992162191205839;0.6200077442223273
CVN;beta;-0.7425628245388093;-0.11014878988722875;0.6606570182018237
CVN;;;;
CYG;beta;0.3406622788840178;-0.8148787067278862;0.4689583191148606
CYG;chi;0.3894060093316402;-0.7436790882972887;0.5434191508639716
CYG;eta;0.4061141838236208;-0.7104325721211584;0.5747667615360074
CYG;gamma;0.4437986139702198;-0.6209400882278827;0.6461239796429639
CYG;alpha;0.45576194353175487;-0.5363080504244172;0.7103905446148043
CYG;;;;
CYG;zeta;0.6444130582561709;-0.57549737715674;0.5035221735282787
CYG;epsilon;0.5501391977663269;-0.6206358895662919;0.5587109768594847
CYG;gamma;0.4437986139702198;-0.6209400882278827;0.6461239796429639
CYG;delta;0.31192477634529586;-0.6327530469339712;0.7087499668414192
CYG;iota;0.2362553979586142;-0.5724894247668671;0.7851364502209272
CYG;;;;
DEL;epsilon;0.6078203438627053;-0.7695190303969831;0.1959461442425177
DEL;beta;0.6140713179398343;-0.7479154063920196;0.2520693582431136
DEL;alpha;0.6170182358612052;-0.7376185864771733;0.2742395257765429
DEL;gamma;0.6385625664724773;-0.7176520334845352;0.27787300612976895
DEL;delta;0.6317062898210328;-0.730226749825823;0.26022309128776444
DEL;beta;0.6140713179398343;-0.7479154063920196;0.2520693582431136
DEL;;;;
DRA;lambda;-0.3501866061219962;0.043928448981031286;0.9356493105126935
DRA;kappa;-0.34189019646801;-0.05030817005407193;0.9383923388353488
DRA;alpha;-0.37042956543951944;-0.2234573560468925;0.9015812481838901
DRA;iota;-0.3228030825958675;-0.4019648135704783;0.8568678185798883
DRA;theta;-0.25699964064824893;-0.45378331777670233;0.8532478451272171
DRA;eta;-0.19410967720288538;-0.43589209181708966;0.8788171126619654
DRA;zeta;-0.09111149540242143;-0.40102890678278985;0.9115231820036915
DRA;chi;0.02724547277572337;-0.295566828862325;0.9549334709232348
DRA;tau;0.09275117506105933;-0.2710969177999958;0.9580728994623191
DRA;epsilon;0.15350518752010003;-0.3007300011054045;0.9412744678570445
DRA;delta;0.11829152858889071;-0.3611127514800255;0.9249890242498172
DRA;xi;-0.015420618876595477;-0.5463711762030912;0.8374011836198426
DRA;nu;-0.0691695374338965;-0.5667475369114078;0.8209828283807362
DRA;beta;-0.07864414953877986;-0.6062164480404209;0.7914017411331478
DRA;gamma;-0.009238289645521224;-0.622674188926534;0.7824266792799874
DRA;xi;-0.015420618876595477;-0.5463711762030912;0.8374011836198426
DRA;;;;
EQU;alpha;0.7510682410865914;-0.653853157072038;0.09150161866340252
EQU;delta;0.7389519737456696;-0.6509963831622517;0.17364817766693041
EQU;gamma;0.7267914108339012;-0.6639425834282344;0.1759388844136205
EQU;;;;
GRU;alpha;0.6028698623556749;-0.319764748687918;-0.730957204328545
GRU;beta;0.644943730197204;-0.22627741706190233;-0.7299630918115724
GRU;iota;0.6875586668835751;-0.151326837818326;-0.7101853756232854
GRU;;;;
GRU;zeta;0.5852685582901905;-0.15440701615468633;-0.796002002534622
GRU;epsilon;0.5948865466007047;-0.1917131818096678;-0.780612613652829
GRU;beta;0.644943730197204;-0.22627741706190233;-0.7299630918115724
GRU;delta;0.6694519888491882;-0.279809004180108;-0.6881431216001528
GRU;mu;0.6741624580769477;-0.33020794118301133;-0.6606570182018235
GRU;lambda;0.6777893178941847;-0.3676266612250551;-0.6367513474701522
GRU;gamma;0.6775298709967161;-0.41546195608279657;-0.6069140276472687
GRU;;;;
HER;pi;-0.15604367000936073;-0.785379590689399;0.5990235985155858
HER;eta;-0.2567795276669256;-0.7342741533407398;0.6284152623121835
HER;zeta;-0.28682142840635727;-0.8019801983538324;0.5239859059700791
HER;epsilon;-0.22095985688947578;-0.8289723821955702;0.5137913304060158
HER;pi;-0.15604367000936073;-0.785379590689399;0.5990235985155858
HER;rho;-0.12580266790920783;-0.7872448694524105;0.603671437346329
HER;theta;-0.013023971139617403;-0.7958954480425697;0.6052939880428944
HER;iota;-0.06218522961637863;-0.6916588461215833;0.7195422418449928
HER;tau;-0.2926185786164225;-0.6256210572839557;0.7231684866830206
HER;phi;-0.3302599416687579;-0.6261729030293989;0.7062831347559445
HER;sigma;-0.2701295028242857;-0.6866419737658956;0.674946554600273
HER;iota;-0.06218522961637863;-0.6916588461215833;0.7195422418449928
HER;;;;
HER;epsilon;-0.22095985688947578;-0.8289723821955702;0.5137913304060158
HER;beta;-0.3552833774000356;-0.8600286579303124;0.366230022365466
HER;gamma;-0.3919952959421291;-0.8594927999848422;0.3280423977681218
HER;;;;
HER;epsilon;-0.22095985688947578;-0.8289723821955702;0.5137913304060158
HER;mu;-0.05223653568556933;-0.8835805694544138;0.46535655321719077
HER;lambda;-0.11436667766912824;-0.8907153248178757;0.43993916985591525
HER;delta;-0.17692144634383292;-0.8901213015904414;0.4199796069793681
HER;alpha;-0.19042590106410232;-0.9497534724904632;0.24840756368563255
HER;;;;
HER;mu;-0.05223653568556933;-0.8835805694544138;0.46535655321719077
HER;xi;-0.008502074499444278;-0.8724545816758488;0.48862124149695496
HER;pi;-0.15604367000936073;-0.785379590689399;0.5990235985155858
HER;;;;
HER;xi;-0.008502074499444278;-0.8724545816758488;0.48862124149695496
HER;omicron;0.028808634817881835;-0.8761130051591406;0.4812442880190367
HER;102;0.03574605765084089;-0.9340383752985479;0.35537942094622155
HER;109;0.09586665066657406;-0.9237402635403377;0.37082814187221613
HER;110;0.18527982511870147;-0.9178524296175298;0.3510246484923545
HER;111;0.19354011787785746;-0.9301408586093083;0.31205801690929813
HER;;;;
HYI;beta;0.21930588037563487;0.024744467214661232;-0.9753423205085127
HYI;gamma;0.1485977843936732;0.2271532881035299;-0.9624552364536473
HYI;epsilon;0.28408833972677205;0.23749959297353423;-0.9289175197877859
HYI;delta;0.2963995201665924;0.2109322785323627;-0.931479950572292
HYI;alpha;0.41362052663034315;0.2358451949664664;-0.8793719940737634
HYI;;;;
IND;alpha;0.43050831786786276;-0.5242648796208013;-0.7347169007466549
IND;theta;0.4559472248982262;-0.38309402410959187;-0.8033374737923819
IND;delta;0.494309972251216;-0.2914129388085824;-0.8189848291805822
IND;;;;
IND;theta;0.4559472248982262;-0.38309402410959187;-0.8033374737923819
IND;beta;0.3615264926340131;-0.3782608101136801;-0.8521838737361153
IND;;;;
LAC;5;0.621057725161738;-0.25873340901027964;0.7398272265055177
LAC;alpha;0.5917116974511547;-0.24122210420270812;0.7692133407212144
LAC;beta;0.5590268430359695;-0.2501623352371508;0.7905110971984726
LAC;4;0.594298343592328;-0.262994939430465;0.7600283814683378
LAC;5;0.621057725161738;-0.25873340901027964;0.7398272265055177
LAC;11;0.6734629501907464;-0.24340245800188673;0.6979992107151813
LAC;6;0.6748024763698568;-0.27784641254326137;0.68369802465851
LAC;2;0.6247834613927046;-0.2879188564924784;0.7257743164691173
LAC;5;0.621057725161738;-0.25873340901027964;0.7398272265055177
LAC;;;;
LAC;6;0.6748024763698568;-0.27784641254326137;0.68369802465851
LAC;1;0.7106418829666499;-0.34666715477650145;0.6122172800344493
LAC;;;;
LIB;sigma;-0.6279257445969778;-0.650614855794484;-0.4270943323106194
LIB;alpha;-0.7060311088924158;-0.6519823877737914;-0.27647610983398063
LIB;beta;-0.6440257122441931;-0.7474284998419037;-0.1630383991348087
LIB;gamma;-0.5699199389513382;-0.7810778599415807;-0.25516394709046064
LIB;upsilon;-0.5151703369325047;-0.7157263305021082;-0.47152448904679006
LIB;tau;-0.5019406561282829;-0.7080422400027971;-0.49672101233723776
LIB;;;;
LIB;gamma;-0.5699199389513382;-0.7810778599415807;-0.25516394709046064
LIB;alpha;-0.7060311088924158;-0.6519823877737914;-0.27647610983398063
LIB;;;;
LUP;alpha;-0.5148283639855395;-0.43944605353765;-0.7360970871197343
LUP;zeta;-0.4104723780103467;-0.4570106497130345;-0.7890840848346905
LUP;epsilon;-0.4505266861663227;-0.5497832273815879;-0.7033947028105038
LUP;gamma;-0.4447391077156542;-0.607380741835455;-0.6582520493820706
LUP;eta;-0.3914518511220447;-0.67892627236575;-0.6211477802783103
LUP;theta;-0.38028369487023356;-0.7046666160939381;-0.5990235985155858
LUP;chi;-0.4445263551702995;-0.7041912981853343;-0.5536342972748909
LUP;phi;-0.5133497291823718;-0.6217290003727282;-0.5915446776397484
LUP;delta;-0.48421050706531377;-0.5840981038927974;-0.6514365585967605
LUP;beta;-0.5193134609628626;-0.5127090211229223;-0.6836980246585098
LUP;alpha;-0.5148283639855395;-0.43944605353765;-0.7360970871197343
LUP;iota;-0.5693844142240321;-0.3964697509054178;-0.7201479885799528
LUP;;;;
LYR;alpha;0.12507841554949306;-0.769420370111585;0.6263766311261779
LYR;zeta;0.15383336743338274;-0.7772117948358743;0.6101451639012677
LYR;delta;0.18837859933733234;-0.7771801955346774;0.600420225325884
LYR;gamma;0.2140535464283446;-0.8139941369854883;0.539995022398076
LYR;beta;0.18100044487126096;-0.8153182550982842;0.5499954380355303
LYR;zeta;0.15383336743338274;-0.7772117948358743;0.6101451639012677
LYR;;;;
MEN;alpha;-0.011759880077636715;0.2627681963248154;-0.964787323828813
MEN;gamma;0.02887919895562722;0.2342165142346006;-0.9717554303051126
MEN;eta;0.0725400464916045;0.24961666648616634;-0.9656238716329096
MEN;beta;0.07923574197140729;0.31038270344674407;-0.9473036865732821
MEN;;;;
MIC;alpha;0.5614253924906851;-0.6128671649480351;-0.5560533848428927
MIC;gamma;0.6012918251562362;-0.5945086848196596;-0.5338609975211533
MIC;epsilon;0.6435658180336261;-0.5498999058192265;-0.5323843831656928
MIC;theta;0.5813700035967925;-0.4845225253926003;-0.6536412175689676
MIC;iota;0.4825944279262713;-0.5337074628800252;-0.6944486749938267
MIC;alpha;0.5614253924906851;-0.6128671649480351;-0.5560533848428927
MIC;;;;
MUS;lambda;-0.394497795793483;0.024819697554645158;-0.9185616319699943
MUS;epsilon;-0.3743133118984474;-0.02874709818436149;-0.9268565956401208
MUS;alpha;-0.3515172450540025;-0.057536887193997806;-0.9344116507416148
MUS;beta;-0.3651427735874558;-0.07475936874734239;-0.9279449292287548
MUS;delta;-0.3048682247184861;-0.08492959621623919;-0.9486001946255046
MUS;gamma;-0.30373014118486086;-0.04331733623862949;-0.9517728771702911
MUS;alpha;-0.3515172450540025;-0.057536887193997806;-0.9344116507416148
MUS;;;;
NOR;delta;-0.33511157606489633;-0.6203150684476676;-0.7091610870909842
NOR;eta;-0.31852142394450766;-0.5700242783454791;-0.7573746923320577
NOR;gamma;-0.27113275346219823;-0.5803440054750645;-0.7679113655293592
NOR;epsilon;-0.265850026938238;-0.6201502287653172;-0.7380633149935463
NOR;delta;-0.33511157606489633;-0.6203150684476676;-0.7091610870909842
NOR;;;;
OCT;beta;0.1420915656793633;-0.04750870523497023;-0.9887127539835238
OCT;delta;-0.08840708605381321;-0.06597665854349119;-0.9938970105915951
OCT;nu;0.17973261030109616;-0.12412429781244591;-0.9758531382779488
OCT;beta;0.1420915656793633;-0.04750870523497023;-0.9887127539835238
OCT;;;;
OPH;alpha;-0.10654107652047205;-0.9702111523759355;0.21757600699346008
OPH;kappa;-0.2647687620090796;-0.9504293677447779;0.1630383991348088
OPH;zeta;-0.34768118375108004;-0.9195050594537304;-0.183380042819385
OPH;eta;-0.2067752419929385;-0.9401422587897063;-0.27088103022646437
OPH;beta;-0.07184901180736869;-0.9942325888168093;0.07961958827405337
OPH;alpha;-0.10654107652047205;-0.9702111523759355;0.21757600699346008
OPH;;;;
OPH;kappa;-0.2647687620090796;-0.9504293677447779;0.1630383991348088
OPH;lambda;-0.3787580460394445;-0.9248484280462934;0.03460820279474303
OPH;delta;-0.4439767031552662;-0.8937324678270547;-0.06424144306554136
OPH;epsilon;-0.4278200673249309;-0.9001422503124582;-0.08193850863004087
OPH;;;;
OPH;beta;-0.07184901180736869;-0.9942325888168093;0.07961958827405337
OPH;gamma;-0.05271246265879897;-0.9974842676740027;0.04739759512151673
OPH;68;0.007633863148630585;-0.9997134634627991;0.02268733357278134
OPH;70;0.02375515144923872;-0.9987657592376186;0.04361938736533601
OPH;67;0.0027599299719066636;-0.9986859705522431;0.051173381837384145
OPH;;;;
OPH;zeta;-0.34768118375108004;-0.9195050594537304;-0.183380042819385
OPH;phi;-0.3623199140423743;-0.8871002013837896;-0.28596767753221075
OPH;chi;-0.37429081341665915;-0.8715352223715478;-0.3167534422191374
OPH;psi;-0.38175190404038195;-0.8584368712556433;-0.3425662298452157
OPH;omega;-0.34811813694137167;-0.8630682129489391;-0.36596041115070527
OPH;;;;
OPH;eta;-0.2067752419929385;-0.9401422587897063;-0.27088103022646437
OPH;xi;-0.15792829799769884;-0.9194895055599738;-0.3599968081200511
OPH;theta;-0.14958385241768893;-0.8938783339689763;-0.42261826174069933
OPH;44;-0.13339407747426613;-0.9024339481109758;-0.4096571607962276
OPH;;;;
PAV;alpha;0.32557637767863135;-0.44146666599158824;-0.8361263093073514
PAV;delta;0.21505757377624074;-0.34178113027159973;-0.9148420076448963
PAV;beta;0.2660097305822623;-0.3034594362409753;-0.9149596678498247
PAV;gamma;0.32670706850041403;-0.25882884592792077;-0.9089940153309517
PAV;alpha;0.32557637767863135;-0.44146666599158824;-0.8361263093073514
PAV;;;;
PAV;delta;0.21505757377624074;-0.34178113027159973;-0.9148420076448963
PAV;kappa;0.09510843576212724;-0.3748329671959975;-0.9222009716704519
PAV;zeta;0.059436302205396155;-0.3128118385536426;-0.9479536273683637
PAV;epsilon;0.14766781518087743;-0.2542713692542382;-0.9557930147983302
PAV;delta;0.21505757377624074;-0.34178113027159973;-0.9148420076448963
PAV;;;;
PAV;kappa;0.09510843576212724;-0.3748329671959975;-0.9222009716704519
PAV;lambda;0.10540199291099646;-0.4545849337362227;-0.8844449999352273
PAV;nu;0.06349142684534648;-0.4610049461115638;-0.8851233125264616
PAV;xi;0.0483148344508932;-0.47496384369573486;-0.8786779978773546
PAV;pi;0.016577255618686667;-0.4432822907746521;-0.8962287683854662
PAV;nu;0.06349142684534648;-0.4610049461115638;-0.8851233125264616
PAV;;;;
PAV;pi;0.016577255618686667;-0.4432822907746521;-0.8962287683854662
PAV;eta;-0.026553213863752576;-0.42600560574429297;-0.9043307750529912
PAV;;;;
PSA;tau;0.7479074832311925;-0.38878310561356555;-0.5380354015455252
PSA;beta;0.7825881859084479;-0.31817395080383465;-0.5350897759314821
PSA;gamma;0.803785819082786;-0.24376188114524625;-0.5426863756737823
PSA;delta;0.810368858383322;-0.23256087454171329;-0.5377896921612619
PSA;alpha;0.8373772305901752;-0.2336030856169816;-0.4941952772734212
PSA;epsilon;0.8377821884532782;-0.3021707846207677;-0.4547678766492915
PSA;tau;0.7479074832311925;-0.38878310561356555;-0.5380354015455252
PSA;theta;0.7190895795631675;-0.468172573949173;-0.5135412520581703
PSA;iota;0.6969641897851752;-0.4659164675131427;-0.5451263738411204
PSA;mu;0.7411596591562134;-0.39249290589429225;-0.5446390350150271
PSA;tau;0.7479074832311925;-0.38878310561356555;-0.5380354015455252
PSA;;;;
RET;alpha;0.20550872807735568;0.4140703139882053;-0.886742317563415
RET;beta;0.2377845975512423;0.353194691767938;-0.9048270524660196
RET;delta;0.24160339197956573;0.41324774148517557;-0.8779829754279805
RET;epsilon;0.22276309378157635;0.45910217825169014;-0.8600010430071663
RET;alpha;0.20550872807735568;0.4140703139882053;-0.886742317563415
RET;;;;
SCO;upsilon;-0.10119123866514272;-0.7890110214444528;-0.6059884002657109
SCO;lambda;-0.09167202405807719;-0.792298153175547;-0.6032079877452825
SCO;kappa;-0.05931210541619786;-0.7745123338685613;-0.6297719578042293
SCO;iota;-0.04141132938755133;-0.7636115636317079;-0.6443465540268636
SCO;theta;-0.07226748391480055;-0.7277744483290732;-0.6819983600624984
SCO;eta;-0.15101189505403015;-0.7127486222025168;-0.6849706629488628
SCO;zeta;-0.2080954536996156;-0.7091414357325571;-0.6736577070565726
SCO;mu;-0.2292435872516925;-0.7537409985442937;-0.6158911306533214
SCO;epsilon;-0.24783955457266754;-0.7880443815915646;-0.5635260489375714
SCO;tau;-0.31620016940399387;-0.8224782118387463;-0.4728076182967275
SCO;alpha;-0.3447796198450641;-0.8264160139599313;-0.44515568693443835
SCO;sigma;-0.37689880055914615;-0.8194365748479165;-0.43182287333881675
SCO;nu;-0.4280382865580224;-0.8400724379571985;-0.33325894470384576
SCO;beta;-0.4509924885260856;-0.8257495968397097;-0.33873792024529137
SCO;delta;-0.460385784148798;-0.8000969668191416;-0.3845643944003474
SCO;;;;
SCO;sigma;-0.37689880055914615;-0.8194365748479165;-0.43182287333881675
SCO;rho;-0.44657360363308907;-0.7498777714970457;-0.4881140689969724
SCO;pi;-0.4528459298252581;-0.7753410424717586;-0.44020089924885875
SCO;;;;
SCT;beta;0.20365179861080626;-0.9755351073596478;-0.08280820751220423
SCT;alpha;0.15140273038900368;-0.9780015749807621;-0.14349262199117938
SCT;gamma;0.12298026513346275;-0.9600104892740944;-0.251506888318028
SCT;;;;
SER;beta;-0.5314339855936535;-0.8043062534451169;0.26583711107579383
SER;gamma;-0.4943228055589045;-0.8263621354895063;0.2697602360126421
SER;kappa;-0.5150366681121317;-0.7986700552915434;0.3112288117776965
SER;beta;-0.5314339855936535;-0.8043062534451169;0.26583711107579383
SER;delta;-0.5819793936490063;-0.7923898041874311;0.18280695716448983
SER;alpha;-0.5546707584493928;-0.8245303931916328;0.11175858098789032
SER;epsilon;-0.5326561321774861;-0.8427141432247847;0.07816852091883045
SER;mu;-0.5377520601268782;-0.8409939835245608;-0.059597328000417144
SER;eps_oph;-0.4278200673249309;-0.9001422503124582;-0.08193850863004087
SER;ups_oph;-0.3873010206807917;-0.9103984448959772;-0.14550804414396906
SER;nu;-0.1658769572914754;-0.9607410398753494;-0.22239939149861493
SER;xi;-0.0940791414579716;-0.9594941707003035;-0.2655561174868089
SER;omicron;-0.07896245499902313;-0.9716876896467523;-0.2226835523550945
SER;nu_oph;-0.004228220565092066;-0.9854483967061592;-0.1699222751145746
SER;eta;0.09268755998176131;-0.994423823625995;-0.05030184121563909
SER;70_oph;0.02375515144923872;-0.9987657592376186;0.04361938736533601
SER;67_oph;0.0027599299719066636;-0.9986859705522431;0.051173381837384145
SER;72_oph;0.03161899431375131;-0.9855857348849572;0.16619566296948202
SER;;;;
SGE;gamma;0.46696888031025663;-0.8189605653037472;0.3335320933570744
SGE;delta;0.4281714180305027;-0.845953279117146;0.31785576340959504
SGE;alpha;0.40227171728627154;-0.8616928525757752;0.30929418567340927
SGE;;;;
SGE;delta;0.4281714180305027;-0.845953279117146;0.31785576340959504
SGE;beta;0.40698869952494754;-0.8626142424737199;0.30042780686960785
SGE;;;;
SGR;zeta;0.23399308733310056;-0.8350205687597236;-0.49798381984609874
SGR;tau;0.2549983454788295;-0.848160319077519;-0.4643273812143547
SGR;sigma;0.214095223344039;-0.8705464692955279;-0.4430711908241795
SGR;phi;0.17636801688124018;-0.8733767507597252;-0.4539904997395467
SGR;zeta;0.23399308733310056;-0.8350205687597236;-0.49798381984609874
SGR;;;;
SGR;phi;0.17636801688124018;-0.8733767507597252;-0.4539904997395467
SGR;lambda;0.10992808233262724;-0.8963703816354539;-0.42946007456035057
SGR;delta;0.07938868594751151;-0.8639808324159037;-0.49722686749757344
SGR;gamma;0.021818169344012418;-0.8619433245545269;-0.5065349669493364
SGR;epsilon;0.08686195147442995;-0.8206942183873465;-0.5647264836109923
SGR;delta;0.07938868594751151;-0.8639808324159037;-0.49722686749757344
SGR;;;;
SGR;epsilon;0.08686195147442995;-0.8206942183873465;-0.5647264836109923
SGR;zeta;0.23399308733310056;-0.8350205687597236;-0.49798381984609874
SGR;alpha;0.27172121373801117;-0.7087823701635093;-0.6509954944161596
SGR;beta;0.25177445332534715;-0.6677701161084256;-0.7004946086054212
SGR;;;;
APS;alpha;-0.14145800097203345;-0.12720181041518006;-0.9817379148164223
APS;delta;-0.08253910180398161;-0.1777137814489963;-0.980614658546613
APS;gamma;-0.07109466544124374;-0.17922182913965704;-0.981236507935591
APS;beta;-0.07120491952680771;-0.2040903289735655;-0.9763590512995937
APS;delta;-0.08253910180398161;-0.1777137814489963;-0.980614658546613
APS;;;;
AQL;gamma;0.4395188339627328;-0.8791357194952226;0.18423783894644713
AQL;delta;0.3638637242567156;-0.9298640272263092;0.05436985415193304
AQL;lambda;0.2840264400583722;-0.955030082160664;-0.08512651476457438
AQL;iota;0.4094858194019324;-0.9120343461756719;-0.02268733357278122
AQL;eta;0.47126076291509095;-0.8818212442701947;0.0174524064372836
AQL;theta;0.5420197834309141;-0.840244838513688;-0.014253621315699452
AQL;beta;0.4791944905966855;-0.870601698444567;0.11146893220632569
AQL;alpha;0.45922341071286443;-0.8748462163375946;0.15413616322277643
AQL;gamma;0.4395188339627328;-0.8791357194952226;0.18423783894644713
AQL;zeta;0.27336781512432684;-0.9315746281519833;0.23966382671910624
AQL;epsilon;0.24836139645491484;-0.933137759507295;0.2599433371576779
AQL;;;;
AQR;alpha;0.8783522161481802;-0.4779820414091493;-0.005527429594567185
AQR;gamma;0.9090618630422745;-0.41596123764164333;-0.024140794140650172
AQR;eta;0.9325583813553453;-0.36101345794651896;-0.00203679782878327
AQR;pi;0.9155189445620554;-0.4015671608247089;0.023851152910550177
AQR;alpha;0.8783522161481802;-0.4779820414091493;-0.005527429594567185
AQR;beta;0.7937126886192835;-0.6004617187987846;-0.09729281670276407
AQR;nu;0.7216171329985811;-0.6635609693135293;-0.19737161236256237
AQR;mu;0.6757314117390105;-0.720420228556675;-0.15614657689348135
AQR;epsilon;0.6589404751161714;-0.7338642504260123;-0.1650476058606777
AQR;;;;
AQR;beta;0.7937126886192835;-0.6004617187987846;-0.09729281670276407
AQR;iota;0.8540791640855254;-0.46163842088513857;-0.23966382671910613
AQR;;;;
AQR;alpha;0.8783522161481802;-0.4779820414091493;-0.005527429594567185
AQR;omicron;0.8725556587662417;-0.4870720574181687;-0.037515773181984784
AQR;theta;0.892055836571849;-0.43115654704916273;-0.13542679341526837
AQR;lambda;0.9487173024017561;-0.28726306001401386;-0.1319674750645774
AQR;phi;0.9747541452249705;-0.19683997242948423;-0.10539630743387986
AQR;psi;0.9692213935384102;-0.18890969168900332;-0.15787025905289417
AQR;delta;0.9232887490462262;-0.2706447014858838;-0.2725606931350735
AQR;tau;0.9265294702073374;-0.2939123717049856;-0.2348588056600412
AQR;lambda;0.9487173024017561;-0.28726306001401386;-0.1319674750645774
AQR;;;;
AQR;psi^2;0.9705737518541471;-0.18032337518294267;-0.15959346031211977
AQR;98;0.926860658521979;-0.15108717351755793;-0.34365969458561596
AQR;99;0.9256054997488977;-0.13812614679456095;-0.352385621736019
AQR;101;0.9277607162311888;-0.10864490659822809;-0.35701027672667035
AQR;;;;
AQR;psi^1;0.9692213935384102;-0.18890969168900332;-0.15787025905289417
AQR;88;0.9099420471762254;-0.20402154910378217;-0.36108264743965907
AQR;89;0.9022182251982072;-0.2004300201628032;-0.38187704976567466
AQR;86;0.8906544940833722;-0.21102055818550625;-0.40274668985873713
AQR;;;;
ARA;alpha;-0.07894471078984905;-0.6394921534503775;-0.764733625724478
ARA;beta;-0.08535845892137922;-0.5594528469419546;-0.8244552416833245
ARA;gamma;-0.08326561582334421;-0.5473369824346075;-0.8327599083054716
ARA;delta;-0.06157973614370365;-0.4857488536913758;-0.8719265950950149
ARA;;;;
ARA;beta;-0.08535845892137922;-0.5594528469419546;-0.8244552416833245
ARA;zeta;-0.14801209825435444;-0.5394992123589717;-0.8288745493947757
ARA;;;;
ARA;epsilon;-0.15627236087368096;-0.5790039678331852;-0.8002083194146346
ARA;zeta;-0.14801209825435444;-0.5394992123589717;-0.8288745493947757
ARA;eta;-0.15511360250365147;-0.4903405242366105;-0.8576164297689878
ARA;;;;
VOL;beta;-0.24029274490218439;0.32552845869463876;-0.9144892669284133
VOL;epsilon;-0.19314395992525135;0.30924505507960864;-0.9311621269431026
VOL;zeta;-0.1285243945242832;0.27001273200594555;-0.9542403285162768
VOL;gamma;-0.09863977676737727;0.3189000058181196;-0.9426414910921783
VOL;epsilon;-0.19314395992525135;0.30924505507960864;-0.9311621269431026
VOL;alpha;-0.28609952525497195;0.2800471558829356;-0.9163627295622396
VOL;beta;-0.24029274490218439;0.32552845869463876;-0.9144892669284133
VOL;;;;
VOL;delta;-0.12351326480714549;0.3545156195925444;-0.9268565956401208
VOL;epsilon;-0.19314395992525135;0.30924505507960864;-0.9311621269431026
VOL;theta;-0.21477023446383517;0.25804221637643093;-0.9419596387085215
VOL;;;;
VUL;13;0.43375531340906354;-0.8033304366543278;0.40806437927632455
VUL;alpha;0.34305716620529286;-0.8415105191501686;0.41733898317172313
VUL;1;0.3039542920754012;-0.8800435901592488;0.3648767843376198
VUL;;;;
BOO;theta;-0.4978399289316151;-0.3656997841516385;0.786396257005849
BOO;lambda;-0.5743806663401446;-0.3888241298877459;0.7203489752555275
BOO;eta;-0.8325347944577911;-0.4552488346953677;0.3156490369471025
BOO;upsilon;-0.8545294632691947;-0.4423153439305333;0.27228024704057435
BOO;;;;
BOO;gamma;-0.6180941881288787;-0.48327008153375633;0.6200077442223273
BOO;rho;-0.6801722347258539;-0.530612805915801;0.5057823457834393
BOO;alpha;-0.7837702659845516;-0.5270027307015988;0.3285913754065426
BOO;zeta;-0.7410541856165513;-0.6281816430837878;0.2371213134088595
BOO;epsilon;-0.6694399462799584;-0.5869968882960066;0.4552854175739565
BOO;delta;-0.5496086175321273;-0.6294734158011017;0.5492664074327841
BOO;beta;-0.5340201566700792;-0.5431857629848885;0.6478979079767032
BOO;gamma;-0.6180941881288787;-0.48327008153375633;0.6200077442223273
BOO;lambda;-0.5743806663401446;-0.3888241298877459;0.7203489752555275
BOO;;;;
BOO;delta;-0.5496086175321273;-0.6294734158011017;0.5492664074327841
BOO;mu;-0.4987043673330396;-0.6186030992296171;0.6071442659092362
BOO;;;;
BOO;rho;-0.6801722347258539;-0.530612805915801;0.5057823457834393
BOO;sigma;-0.6778449360097691;-0.542490022218164;0.49621650367520814
BOO;epsilon;-0.6694399462799584;-0.5869968882960066;0.4552854175739565
BOO;;;;
CAP;delta;0.80342799460934;-0.5265833741606541;-0.27787300612976906
CAP;gamma;0.7849387393696684;-0.549194648054382;-0.28680379004674794
CAP;iota;0.7392251437294768;-0.6080171854090587;-0.28958813705913544
CAP;theta;0.6926662655120902;-0.6576028887764906;-0.2962632027342394
CAP;beta;0.5580978822997982;-0.7895683085570857;-0.25516394709046064
CAP;alpha;0.5530842324277043;-0.8043667048091145;-0.21700699535817672
CAP;;;;
CAP;iota;0.7392251437294768;-0.6080171854090587;-0.28958813705913544
CAP;36;0.7333552078404643;-0.5692758601446424;-0.37163844552178255
CAP;zeta;0.7251411686854289;-0.573367433460736;-0.38133983757821444
CAP;theta;0.6926662655120902;-0.6576028887764906;-0.2962632027342394
CAP;;;;
CAP;theta;0.6926662655120902;-0.6576028887764906;-0.2962632027342394
CAP;eta;0.67773937077145;-0.6522032833632215;-0.33955886452359396
CAP;rho;0.5757680550037085;-0.7582029984906218;-0.3059728091139416
CAP;beta;0.5580978822997982;-0.7895683085570857;-0.25516394709046064
CAP;;;;
CAP;eta;0.67773937077145;-0.6522032833632215;-0.33955886452359396
CAP;24;0.6604894635790253;-0.6206025083290925;-0.42261826174069933
CAP;;;;
CAP;rho;0.5757680550037085;-0.7582029984906218;-0.3059728091139416
CAP;psi;0.5995231151271635;-0.6770422329043927;-0.426832343305959
CAP;omega;0.6075032191013057;-0.6525131969464387;-0.4529529408142629
CAP;;;;
TUC;gamma;0.5174073154501183;-0.09721958527310375;-0.850198813312526
TUC;epsilon;0.4133698218955352;-0.000150317539825816;-0.9105632145824313
TUC;zeta;0.42283736483709866;0.03711736938386514;-0.9054451191472844
TUC;beta;0.4502083672940057;0.06237142498133652;-0.8907425168724479
TUC;gamma;0.5174073154501183;-0.09721958527310375;-0.850198813312526
TUC;alpha;0.448342690457598;-0.21264912516370857;-0.8681988144891422
TUC;;;;
TUC;delta;0.3892550468390957;-0.166600398336003;-0.9059386379797357
TUC;gamma;0.5174073154501183;-0.09721958527310375;-0.850198813312526
TUC;;;;
TRA;alpha;-0.1095837135974564;-0.34063228409146934;-0.9337885503414673
TRA;beta;-0.23176547609762907;-0.382502008487703;-0.8944143209900614
TRA;epsilon;-0.2350847911551638;-0.3257033365429041;-0.9157797101554243
TRA;gamma;-0.23498163498576985;-0.27736697570565955;-0.9315853111805222
TRA;alpha;-0.1095837135974564;-0.34063228409146934;-0.9337885503414673
TRA;;;;
TEL;epsilon;0.03401497498592582;-0.6944533046090601;-0.7187333227242653
TEL;alpha;0.08164722543003178;-0.6902643221831557;-0.7189359471473145
TEL;delta;0.09607170059039874;-0.6890381160207013;-0.718329104948638
TEL;iota;0.2695450507753098;-0.6110202842373768;-0.7443115462311539
TEL;eta;0.20571740177392778;-0.5440564534094233;-0.8134389504510737
TEL;lambda;0.1521029728900256;-0.5832370172367393;-0.7979343753485042
TEL;zeta;0.0822104435283912;-0.6500017513914093;-0.7554728096781285
TEL;epsilon;0.03401497498592582;-0.6944533046090601;-0.7187333227242653